{
    "ignorePatterns": [
        {
            "pattern": "^http(s)?:\/\/github.com/kubernetes/(.*)"
        },
        {
            "pattern": "^http(s)?:\/\/terraform.io/(.*)"
        }
    ],
    "replacementPatterns": [
        {
            "pattern": "^(/docs/(?!providers/kubernetes/))",
            "replacement": "https://terraform.io$1"
        },
        {
            "pattern": "^(?!http(s)?://)(.*)\\.html(#.*)?$",
            "replacement": "$2.html.markdown$3"
        },
        {
            "pattern": "^/docs/providers/kubernetes/",
            "replacement": "file:///github/workspace/website/docs/"
        },
        {
            "pattern": "^(getting-started).html.markdown(#.*)?$",
            "replacement": "file:///github/workspace/website/docs/guides/$1.html.md$2"
        },
        {
            "pattern": "^file:///github/workspace/website/docs/guides/(.*)\\.markdown(#.*)?$",
            "replacement": "file:///github/workspace/website/docs/guides/$1.md$2"
        }
    ]
}
